CHROM	POS	REF	ALT	Consequence
chr17	7663110	G	A	intron_variant
chr17	7663126	GTATATATATAATATATATAATATAATATAA	G	intron_variant
chr17	7663661	A	G	downstream_gene_variant
chr17	7666871	T	C	downstream_gene_variant
chr17	7668134	G	A	downstream_gene_variant
chr17	7668169	A	AGCCGTG	downstream_gene_variant
chr17	7674797	T	C	intron_variant
chr17	7675088	C	T	missense_variant
chr17	7675327	C	T	intron_variant
chr17	7675393	CTTT	C	intron_variant
chr17	7675519	A	G	intron_variant
chr17	7676154	G	C	missense_variant
chr17	7676325	CCCCCAGCCCTCCAGGT	C	intron_variant
chr17	7676483	G	C	intron_variant
chr17	7684369	A	G	intron_variant
chr17	43047896	T	C	intron_variant
chr17	43049347	T	C	intron_variant
chr17	43057078	G	A	stop_gained
chr17	43058379	A	C	intron_variant
chr17	43059469	C	CACAACA	intron_variant
chr17	43059636	A	G	intron_variant
chr17	43063808	C	T	intron_variant
chr17	43064004	G	A	intron_variant
chr17	43066555	T	C	intron_variant
chr17	43067763	T	C	intron_variant
chr17	43067787	T	C	intron_variant
chr17	43071077	T	C	missense_variant
chr17	43074086	C	T	intron_variant
chr17	43074584	G	C	intron_variant
chr17	43074658	A	T	intron_variant
chr17	43077743	AT	A	intron_variant
chr17	43077746	T	A	intron_variant
chr17	43077756	T	C	intron_variant
chr17	43077760	G	GT	intron_variant
chr17	43077795	A	G	intron_variant
chr17	43077840	G	A	intron_variant
chr17	43077891	T	A	intron_variant
chr17	43079204	A	C	intron_variant
chr17	43079499	C	T	intron_variant
chr17	43082453	A	G	synonymous_variant
chr17	43087455	G	A	intron_variant
chr17	43087474	T	C	intron_variant
chr17	43091173	T	G	intron_variant
chr17	43091983	T	C	missense_variant
chr17	43092418	T	C	missense_variant
chr17	43092919	G	A	missense_variant
chr17	43093220	A	G	synonymous_variant
chr17	43093449	G	A	synonymous_variant
chr17	43093454	C	T	missense_variant
chr17	43097077	A	G	intron_variant
chr17	43097346	TA	T	intron_variant
chr17	43099629	T	A	intron_variant
chr17	43104083	AAAG	A	intron_variant
chr17	43121331	T	C	intron_variant
chr17	43121362	G	C	intron_variant
chr17	43127281	A	G	upstream_gene_variant
chr17	43129737	G	A	upstream_gene_variant
chr17	43131360	C	T	downstream_gene_variant
chr17	43131380	AAAT	A	downstream_gene_variant
chr17	43135863	A	G	downstream_gene_variant
chr17	43138596	G	T	intron_variant&non_coding_transcript_variant
chr17	43138657	G	C	splice_region_variant&non_coding_transcript_exon_variant
chr17	43140410	C	G	upstream_gene_variant
chr17	43140722	G	A	upstream_gene_variant
chr17	43142914	TTG	T	upstream_gene_variant
chr17	43142940	G	A	upstream_gene_variant
chr17	43142964	GTGTATATATA	G	upstream_gene_variant
chr17	43145635	A	C	downstream_gene_variant
chr17	43145975	G	T	downstream_gene_variant
chr17	43146482	G	A	downstream_gene_variant
chr17	43147572	C	T	downstream_gene_variant
chr17	43147590	A	G	downstream_gene_variant
chr17	43147814	C	CCT	downstream_gene_variant
chr17	43147911	G	C	downstream_gene_variant
chr17	43152446	T	C	intron_variant&non_coding_transcript_variant
chr17	43169893	C	T	upstream_gene_variant
